{
    "color": [
      [ 1,
        "C1",
        1,
        0,
        0,
        1
      ],
      [ 2,
        "C2",
        0,
        1,
        0,
        1
      ],
      [ 3,
        "C3",
        0,
        0,
        1,
        1
      ],
      [ 4,
        "C4",
        1,
        1,
        0,
	      1
      ],
      [ 5,
        "C5",
        0,
        1,
        1,
        1
      ],
      [ 6,
        "C6",
        1,
        0,
        1,
        1
      ],
      [ 7,
        "C7",
        1,
        0.93725,
        0.83529,
        1
      ],
      [ 8,
        "Th1",
        0,
        0,
        0.80392,
        1
      ],
      [ 9,
        "Th2",
        0.80392,
        0.52157,
        0.24706,
        1
      ],
      [ 10,
        "Th3",
        0.82353,
        0.70588,
        0.54902,
        1
      ],
      [ 11,
        "Th4",
        0.4,
        0.80392,
        0.66667,
        1
      ],
      [ 12,
        "Th5",
        0,
        0,
        0.5,
        1
      ],
      [ 13,
        "Th6",
        0,
        0.54510,
        0.54510,
        1
      ],
      [ 14,
        "Th7",
        0.18040,
        0.54510,
        0.34118,
        1
      ],
      [ 15,
        "Th8",
        1,
        0.89412,
        0.88235,
        1
      ],
      [ 16,
        "Th9",
        0.41569,
        0.35294,
        0.80392,
        1
      ],
      [ 17,
        "Th10",
        0.86,
        0.62745,
        0.86,
        1
      ],
      [ 18,
        "Th11",
        0.91372,
        0.58824,
        0.47843,
        1
      ],
      [ 19,
        "Th12",
        0.64706,
        0.16471,
        0.16471,
        1
      ],
      [ 20,
        "L1",
        1,
        0.98040,
        0.98040,
        1
      ],
      [ 21,
        "L2",
        0.57647,
        0.43921,
        0.85882,
        1
      ],
      [ 22,
        "L3",
        0.85490,
        0.43922,
        0.83922,
        1
      ],
      [ 23,
        "L4",
        0.29412,
        0,
        0.50980,
        1
      ],
      [ 24,
        "L5",
        1,
        0.71373,
        0.75686,
        1
      ],
      [ 25,
        "L6",
        0.23530,
        0.70196,
        0.44314,
        1
      ]
    ],
    "specular": 0.05,
    "specular_power": 1,
    "ambient": 0.3,
    "diffuse": 0.6,
    "shade": true,
    "interpolation": "phong"
  }
